nombre,apellido,fecha,genero,usuario,password,telefono
Alejandro,Rosales,15/09/2011,F,nulwney0,wVFL8dHC4,24136654
Cecilio,Dahler,21/09/2016,M,cdahler1,RpE8N51ZDy,77943058
Francisca,Mintoff,17/08/2003,F,fmintoff2,MJTz57wX,95673594
Gallard,Murton,26/08/1999,M,gmurton3,RbcETbAHRmDF,64888803
Chrissy,Clemintoni,11/10/2008,M,cclemintoni4,XSJTalVA,12884594
Kelcy,Breslau,28/01/2020,F,kbreslau5,L1MLiQ3NajJ2,80058967
Barty,Coppo,07/01/2011,M,bcoppo6,70UkkJGS4v,73381691
Kassie,Airth,12/12/2006,F,kairth7,CeZYDoNav,48105642
Letizia,Maier,29/04/2016,F,lmaier8,NLaHw5KmiGe,94936873
Devin,O' Connell,01/12/2017,F,doconnell9,kzYBQ5,96992282
Micheline,Lucien,10/09/2007,F,mluciena,Eazsam8Y37ke,75162151
Sam,Menere,30/10/1998,F,smenereb,Ttdqxy,37758487
Rollie,Stanman,14/12/2014,M,rstanmanc,bShgvC0n3Wae,39931092
Elden,Pacquet,17/02/1999,M,epacquetd,hqFVIO,27433176
Bruno,Feldhammer,05/04/2020,M,bfeldhammere,voxcby,73080717
Tome,Gebuhr,29/04/2007,M,tgebuhrf,5WYbVya,65387515
Gavan,Rosewell,19/05/2000,M,grosewellg,Mg0LoakJU,64796747
Hoebart,Deplacido,17/02/1998,M,hdeplacidoh,ptWThQa,83166269
Jeni,McNalley,15/04/2007,F,jmcnalleyi,67isUjm,63950765
Misty,Dewick,01/11/2007,F,mdewickj,i2hU1JfxsZ9F,64566505
Nariko,Canada,06/08/2008,F,ncanadak,qX2On6KQcq,48386462
Samara,Rolls,04/12/2013,F,srollsl,QQruOY,78698891
Verina,Baniard,05/06/2016,F,vbaniardm,9mzvWNW9azgY,80757635
Ferrell,Schohier,01/10/2005,M,fschohiern,JOT5SL64H5,51456857
Othilia,Warde,20/08/2003,F,owardeo,9C9Qb1qdao,29914257
Nicola,Wilcinskis,27/06/2014,F,nwilcinskisp,mt1RWCZk,50954219
Brenna,Spensly,27/03/2020,F,bspenslyq,fyCqc8CLx,60096299
Shepard,Sivill,14/05/2010,M,ssivillr,eXbXd00,40655503
Buddy,Newlands,17/02/2017,M,bnewlandss,S4gScOpdqi,45312597
Ellie,Duligall,29/09/2009,F,eduligallt,kIH3CZ6BniP7,90245752
Lena,Bench,05/10/2018,F,lbenchu,YBywnf5,76913611
Demetri,Perroni,16/07/2015,M,dperroniv,bs19Oe,75267239
Pepita,Rosthorn,14/01/2010,F,prosthornw,eh90FoLgOS,88720102
Muffin,Hards,26/05/2001,F,mhardsx,jELNtNTdx9JH,74364001
Vance,Brislawn,17/06/2013,M,vbrislawny,zKIJnKVj,71139602
Marc,Whiting,11/09/2019,M,mwhitingz,WeL1To,61386173
Emlyn,Thorald,25/06/2019,M,ethorald10,eNdYGkUeQ,91763511
Kelvin,Kemwall,31/08/2009,M,kkemwall11,HVuAB8m,65046670
Luciano,Andriolli,23/11/2013,M,landriolli12,5VqaY7LHtL,65068984
Bari,Gonnet,22/12/2015,F,bgonnet13,fMCoa2W4TRz,51409626
Nada,Fessby,19/04/2006,F,nfessby14,rKxLzxk8sqkl,80510659
Der,Stabler,29/03/2021,M,dstabler15,CQa55Aoh,92579096
Herrick,Golly,28/08/1998,M,hgolly16,lAMSKAW,78481929
Dido,Ricioppo,17/02/2013,F,dricioppo17,7NZ6oQrC40,91148628
Blondy,Smith,29/02/2008,F,bsmith18,t4xVTp3pcs,25552110
Helen,Gildersleeve,11/02/2001,F,hgildersleeve19,WtYut1q1SUuv,53313912
Aguste,Blankenship,20/09/2015,M,ablankenship1a,NTGO9N3N,22248933
Kylila,ducarme,16/06/2001,F,kducarme1b,TCcxff2hm,18202350
Antoni,Bilbey,10/09/2016,M,abilbey1c,SrNcYZb9,67652573
Egor,Guswell,09/05/2004,M,eguswell1d,kEnLtRZLgca,83425963
