nombre,apellido,fecha,genero,usuario,password,telefono
Lon,Killik,24/12/2013,M,lkillik0,bSNEDnHn,38258931
Cecilio,Giraudoux,21/12/2017,M,cgiraudoux1,makPuYz,29212710
Natassia,Medford,24/04/2003,F,nmedford2,aL6wdX,89526091
Benedikt,Rappport,22/06/2014,M,brappport3,k5Wyp6,16787270
Cullen,Bredbury,03/08/2007,M,cbredbury4,qQSYm7ejV,40341461
Clem,Rodge,30/07/2015,M,crodge5,w1PiaPKRvc,90690115
Dennis,Greetland,03/04/2017,M,dgreetland6,fMky9jLwSO,56157757
Aimil,Olerenshaw,21/01/2016,F,aolerenshaw7,VdmJYUhW0,23964916
Shantee,Rayment,06/05/2003,F,srayment8,GIjEZqbGO5,23965666
Doloritas,Beagin,02/08/2006,F,dbeagin9,k1kSjuOcBO,47666586
Mortimer,Echalier,21/05/2003,M,mechaliera,2HllZ2,48913560
Herman,Pote,16/11/2007,M,hpoteb,wX71Fv,79906124
Brendis,Chad,30/04/2018,M,bchadc,RFpksownSxK,36204176
Jenilee,Attenbrow,02/03/2012,F,jattenbrowd,iN3RF2qK8S6,77231855
Alasdair,Cicullo,28/11/2004,M,aciculloe,NpMR3cIlYHu,10164886
Miof mela,Ledamun,17/08/2006,F,mledamunf,EnAkfx,44823561
Saudra,Szymanek,08/10/2014,F,sszymanekg,SN7zsI2eXF,14439700
Blayne,Treagust,23/10/1998,M,btreagusth,e4DdlM,84976159
Manfred,Ruslen,22/08/2014,M,mrusleni,hSELAplyVoNK,31546881
Urban,Mylan,21/06/2020,M,umylanj,U1oh1Cjo5,51173332
Victoir,Tucker,02/07/2004,M,vtuckerk,j2vhTM,78800952
Humphrey,Nawton,23/04/1999,M,hnawtonl,4chyGoPloKs,60435626
Shirley,Gudeman,10/05/2013,F,sgudemanm,mzrLNc,43641040
Cassius,MacTrustram,06/02/2018,M,cmactrustramn,Mjr6ghYz,20180385
Sharai,Gidney,22/09/2011,F,sgidneyo,yzUKuiW,53458566
Dietrich,Bacon,16/09/2007,M,dbaconp,uQZHVv,78153966
Maurise,Hamelyn,18/01/1999,M,mhamelynq,GKZw3gm5MZbK,92568279
Hendrika,Belden,04/10/1999,F,hbeldenr,meBu6moV,65826468
Nanice,Battersby,12/11/2016,F,nbattersbys,vijovcfKrW,80431458
Torey,Genthner,19/08/2017,M,tgenthnert,goV0InzOYu4E,53104077
Frederick,Thorndycraft,08/07/2003,M,fthorndycraftu,zguNug,45228133
Granthem,Luberto,13/07/2002,M,glubertov,q36Tpgtj,85355323
Chic,Pracy,20/03/1999,M,cpracyw,Ds3lCPN,47221202
Gallard,Freda,08/12/2010,M,gfredax,cIIKcS4D,65916661
Tabby,Munns,16/10/2018,F,tmunnsy,SKYup1HjPL,68545705
Alfie,Gyford,03/03/2002,F,agyfordz,MlZBqa5fuW,76692776
Bradley,Yves,13/03/2006,M,byves10,wSm1aS,60068665
Kati,Crellim,15/11/2014,F,kcrellim11,uwBPajA,52434799
Randene,Syder,22/03/2015,F,rsyder12,H2g52kk,20072110
Ursola,Macek,31/07/2010,F,umacek13,ynPqIE50xa86,52127403
Meghann,Heintz,12/09/1998,F,mheintz14,tRuH3tNnWe,48504083
Leonard,Ayce,26/04/2015,M,layce15,xXLDpA,61134904
Shep,Pyecroft,20/04/2018,M,spyecroft16,lKmEF19Hb,81220988
Danya,Parsisson,04/05/2012,M,dparsisson17,7UuVMVNc,72888638
Berk,Marlen,03/12/2017,M,bmarlen18,KL6XvjmL,30123753
Robinet,Brace,17/05/2004,M,rbrace19,3sJF4M,80143971
Carolee,Littlechild,04/07/1998,F,clittlechild1a,D3coRX9UZUyJ,16725394
Pearle,Zannuto,21/05/2002,F,pzannuto1b,zWG1q6So5Z0g,10845314
Sallyann,Skypp,25/02/2001,F,sskypp1c,XstSM9,18049945
Brandy,Drable,13/07/2017,F,bdrable1d,BDtzbNBTI,70300417
